21,0,etrmely Wt
21,0,etrmely Wt
21,0,etrmely Wt
21,0,etrmely Wt
22,0,etrmely Wt
22,0,etrmely Wt
22,0,etrmely Wt
22,0,etrmely Wt
19,3,etrmely Wt
19,3,etrmely Wt
19,3,etrmely Wt
19,3,etrmely Wt
21,0,etrmely Wt
21,0,etrmely Wt
21,0,etrmely Wt
21,0,etrmely Wt
21,0,etrmely Wt
21,0,etrmely Wt
21,0,etrmely Wt
21,0,etrmely Wt
677,0,etrmely Wt
677,0,etrmely Wt
677,0,etrmely Wt
677,0,etrmely Wt
648,25,etrmely Wt
648,25,etrmely Wt
648,25,etrmely Wt
648,25,etrmely Wt
65,2,etrmely Wt
65,2,etrmely Wt
65,2,etrmely Wt
65,2,etrmely Wt
654,25,etrmely Wt
654,25,etrmely Wt
654,25,etrmely Wt
654,25,etrmely Wt
654,25,etrmely Wt
654,25,etrmely Wt
654,25,etrmely Wt
654,25,etrmely Wt
